{"dumb fuck": [{"text": "jhayworth25 who said he sucks he s a dumb fuck like you apparently with that comment", "score": 10.533266795859259, "id": 541354967349481473}, {"text": "notre_josh awkwardgoogle _mounteverett that s a cat you dumb fuck", "score": 10.408995454500747, "id": 540982223197855744}, {"text": "exactly why i don t like most cops to that mesa pd cop your a lowlife fucking prick hope you lose your job you dumb fuck", "score": 10.296536866878144, "id": 542081203638005760}, {"text": "i feel controlled you arent even dating you dumb fuck", "score": 0.27924812503605784, "id": 539978058745139200}]}